decided_by,count,share
90,2490,0.778125
PEN,362,0.113125
ET,348,0.10875
